"","DHSCLUST","m0_1y_hiv","m0_1y_nonhiv","gt1_hiv","gt1_nonhiv","total_pop","m0_1y_hiv_rate","gt1_hiv_rate","allm0_1y_rate","all_hiv_rate","pop_rate"
"1",1,0,1.754327,5.45499,44.690214,51.899531,0,0.10510673015523,0.033802367115803,0.10510673015523,0.00329716254591062
"2",2,0,1.360365,6.936035,38.071955,46.368355,0,0.149585530907879,0.029338219999394,0.149585530907879,0.00294576849685766
"3",3,2.109869,10.678905,10.743685,66.571979,90.104438,0.0234158166548911,0.119235913773748,0.141932786928875,0.142651730428639,0.00572430949701503
"4",4,1.284201,6.351238,2.498635,52.192267,62.326341,0.0206044664165349,0.0400895505802274,0.122507416246367,0.0606940169967623,0.00395957484025922
"5",5,0.419351,2.096755,1.656944,7.047127,11.220177,0.0373747223417242,0.147675388721586,0.224248334050345,0.18505011106331,0.000712814675779783
"6",6,1.632366,6.629702,3.264732,61.199446,72.726246,0.0224453493722198,0.0448906987444395,0.113605038819136,0.0673360481166593,0.00462027786755688
"7",7,0,1.462206,2.436251,15.105414,19.003871,0,0.128197618264195,0.0769425344973137,0.128197618264195,0.00120731055717087
"8",8,1.06626,1.118858,5.541692,33.84303,41.56984,0.0256498461384504,0.133310400040029,0.052564984613845,0.158960246178479,0.0026409201942017
"9",9,0.257702,0.257702,3.126102,4.145684,7.78719,0.0330930669471273,0.401441598317236,0.0661861338942545,0.434534665264364,0.000494717981283679
"10",10,0,8.741798,10.521975,69.881355,89.145128,0,0.118031969172785,0.0980625435862294,0.118031969172785,0.00566336480366284
"11",11,0,4.286854,5.744758,25.851411,35.883023,0,0.160096823503416,0.119467470731215,0.160096823503416,0.00227963831637803
"12",12,0,0,3.830278,26.93431,30.764588,0,0.124502821230695,0,0.124502821230695,0.00195446558648037
"13",13,0,12.510183,10.391849,66.521155,89.423187,0,0.116209781250583,0.139898648434438,0.116209781250583,0.00568102981339777
"14",14,0.568752,2.304772,4.011028,10.96999,17.854542,0.0318547515808582,0.224650287865127,0.16094078470341,0.256505039445985,0.00113429401041771
"15",15,1.30433,6.468082,12.882596,43.329428,63.984436,0.0203851136548269,0.20133952575592,0.121473478331512,0.221724639410747,0.00406491314729637
"16",16,0,2.869988,1.921597,36.435898,41.227483,0,0.0466096123306873,0.0696134663374914,0.0466096123306873,0.00261917035068712
"17",17,2.163233,1.04447,3.281996,39.08678,45.576479,0.0474638025460457,0.0720107404523285,0.0703806671858087,0.119474542998374,0.00289546083823536
"18",18,0,1.295766,2.559921,25.056697,28.912384,0,0.0885406405780997,0.0448169891490096,0.0885406405780997,0.00183679558949744
"19",19,0,1.984446,4.130132,20.949352,27.06393,0,0.152606513540347,0.0733243841526342,0.152606513540347,0.00171936382895535
"20",20,0,2.058377,2.058377,56.85788,60.974634,0,0.0337579230077871,0.0337579230077871,0.0337579230077871,0.00387370127632576
"21",21,0,8.671853,10.450041,29.133761,48.255655,0,0.216555779835545,0.179706461346344,0.216555779835545,0.00306566813280807
"22",22,0.643759,0.643759,1.920991,23.603077,26.811586,0.0240104781567193,0.0716477943527846,0.0480209563134385,0.0956582725095039,0.00170333248590747
"23",23,0,1.16188,5.851789,27.316686,34.330355,0,0.170455242889274,0.0338441009421546,0.170455242889274,0.00218099775687405
"24",24,0,1.663985,2.656652,11.954934,16.275571,0,0.163229419109167,0.102238194899583,0.163229419109167,0.00103398242875276
"25",25,1.344243,4.074001,4.115273,43.51104,53.044557,0.0253417706928913,0.0775814378089726,0.102145145636714,0.102923208501864,0.00336990572428913
"26",26,0,0,11.32309,18.996045,30.319135,0,0.373463490960412,0,0.373463490960412,0.00192616608320426
"27",27,0,5.089368,3.923604,50.609472,59.622444,0,0.0658075002762383,0.0853599359328511,0.0658075002762383,0.00378779702753872
"28",28,0,0.931208,12.222284,31.235044,44.388536,0,0.275347760962425,0.0209785697820717,0.275347760962425,0.00281999115496834
"29",29,0,5.811432,18.394024,27.6804,51.885856,0,0.354509406185763,0.112004165451178,0.354509406185763,0.00329629377702299
"30",30,0,1.160859,5.823329,20.962081,27.946269,0,0.208375901627512,0.0415389617841294,0.208375901627512,0.00177541857641725
"31",31,3.422669,4.590974,8.054766,30.92739,46.995799,0.0728292543765454,0.171393319645443,0.170518283985341,0.244222574021989,0.00298562983696219
"32",32,0,1.349388,3.369494,22.27683,26.995712,0,0.124815896687592,0.0499852717350074,0.124815896687592,0.00171502995868286
"33",33,0,2.601862,0.659942,26.375314,29.637118,0,0.0222674148005889,0.0877906549482983,0.0222674148005889,0.00188283773582335
"34",34,0.395998,1.515757,3.495747,15.316785,20.724287,0.0191079191288945,0.168678758405536,0.0922470818899584,0.187786677534431,0.00131660809973605
"35",35,0,0.625348,2.491222,19.858586,22.975156,0,0.108431124472017,0.0272184441315654,0.108431124472017,0.00145960517156993
"36",36,0.323351,1.30874,0.646702,10.420078,12.698871,0.0254629722595024,0.0509259445190049,0.128522527711322,0.0763889167785073,0.000806755687956999
"37",37,1.413025,0,6.891029,49.99842,58.302474,0.0242361070303809,0.118194452605905,0.0242361070303809,0.142430559636286,0.00370393970625145
"38",38,0,9.179637,24.734416,90.524179,124.438232,0,0.198768622813606,0.073768622813606,0.198768622813606,0.00790552573258777
"39",39,0,0.198791,1.229234,6.507264,7.935289,0,0.154907275588829,0.0250515135617619,0.154907275588829,0.000504126668924553
"40",40,0,0,5.346834,16.079736,21.42657,0,0.249542227244025,0,0.249542227244025,0.00136122394037303
"41",41,0,0.944757,0.944757,28.158183,30.047697,0,0.0314419105064857,0.0314419105064857,0.0314419105064857,0.00190892170372929
"42",42,0,1.71309,1.130484,7.930752,10.774326,0,0.104923871804139,0.158997416636549,0.104923871804139,0.000684489887676076
"43",43,0,4.545313,1.446511,70.249597,76.241421,0,0.0189727707200001,0.0596173699333332,0.0189727707200001,0.00484359594247978
"44",44,0,1.163679,5.241326,22.090819,28.495824,0,0.183933126481972,0.0408368257748925,0.183933126481972,0.00181033165035077
"45",45,0.593378,2.938447,8.269368,12.394571,24.195764,0.0245240447873438,0.341769245228214,0.145968732378114,0.366293290015558,0.00153715005306103
"46",46,0,1.897729,6.674639,31.475466,40.047834,0,0.166666666666667,0.047386557784873,0.166666666666667,0.00254422758289754
"47",47,0,1.29977,2.59954,37.00708,40.90639,0,0.063548506724744,0.031774253362372,0.063548506724744,0.00259877140308672
"48",48,0,2.603524,6.524154,14.981771,24.109449,0,0.270605686592008,0.107987702249023,0.270605686592008,0.00153166648548987
"49",49,0.662612,3.975672,5.300208,21.198768,31.13726,0.0212803567173219,0.170220758024309,0.148962497021254,0.191501114741631,0.00197814133338278
"50",50,0,2.474938,4.815422,50.293023,57.583383,0,0.0836252013883936,0.0429800729144378,0.0836252013883936,0.00365825605812173
"51",51,0,3.488334,6.113589,18.484839,28.086762,0,0.217667988926598,0.124198510315999,0.217667988926598,0.00178434405702637
"52",52,5.276762,22.963622,30.023718,45.487804,103.751906,0.0508594222837699,0.28937991751207,0.272191471836672,0.340239339795839,0.00659132928446
"53",53,0,4.2696,4.338669,41.779306,50.387575,0,0.0861059298845003,0.0847351752887493,0.0861059298845003,0.00320110840826794
"54",54,0,1.237088,5.099124,17.190697,23.526909,0,0.216735823647722,0.0525818329981214,0.216735823647722,0.00149465788382264
"55",55,0,1.022652,2.034288,9.704178,12.761118,0,0.159412991871088,0.0801381195597439,0.159412991871088,0.000810710222285937
"56",56,0,2.956302,7.861165,38.904299,49.721766,0,0.158103093120224,0.0594568986145826,0.158103093120224,0.00315880975054923
"57",57,0.765559,2.328624,3.923636,30.94183,37.959649,0.0201677049226667,0.103363337211047,0.0815124238899048,0.123531042133714,0.00241156577963515
"58",58,0,0.818932,0.326744,5.922832,7.068508,0,0.0462253137437207,0.115856415526445,0.0462253137437207,0.000449060316808443
"59",59,1.899863,7.599452,7.657784,78.827695,95.984794,0.0197933747714247,0.0797812203462144,0.0989668738571237,0.0995745951176392,0.00609788685284548
"60",60,0,0,2.458194,62.285064,64.743258,0,0.037968339498763,0,0.037968339498763,0.00411312089463445
"61",61,0.713145,0.684577,8.956637,10.468631,20.82299,0.0342479634288832,0.430132127998909,0.0671239817144416,0.464380091427792,0.00132287867344835
"62",62,2.015295,1.955262,7.881081,67.259337,79.110975,0.0254742783792009,0.0996205772966393,0.0501897113516803,0.12509485567584,0.00502589789762207
"63",63,0,11.101281,6.226657,43.319845,60.647783,0,0.102669161047486,0.183045124666799,0.102669161047486,0.00385293652461166
"64",64,0,0.891111,0.945414,19.310664,21.147189,0,0.0447063673569097,0.0421385083379167,0.0447063673569097,0.00134347494435148
"65",65,0,23.06208,9.566121,75.505101,108.133302,0,0.0884660028230711,0.213274537755261,0.0884660028230711,0.00686967813485718
"66",66,0,1.272884,2.021942,6.900473,10.195299,0,0.198321010497093,0.124850090222955,0.198321010497093,0.000647704465906638
"67",67,0.823218,2.469654,6.819964,31.337391,41.450227,0.0198603978694737,0.164533815460166,0.0794415914778947,0.18439421332964,0.00263332121409523
"68",68,0,5.072582,2.55671,29.259232,36.888524,0,0.0693090891899063,0.137511113212337,0.0693090891899063,0.00234351751091402
"69",69,0,1.020378,7.10074,35.937394,44.058512,0,0.161166132891642,0.0231596110190921,0.161166132891642,0.00279902482346042
"70",70,1.092776,4.33264,2.147088,36.53896,44.111464,0.0247730612613537,0.048674149649624,0.122993333433685,0.0734472109109777,0.00280238884906464
"71",71,0,1.042265,1.571865,7.84239,10.45652,0,0.150323912735786,0.0996760872642141,0.150323912735786,0.0006642997622573
"72",72,0,0,7.718117,22.996737,30.714854,0,0.251282880914882,0,0.251282880914882,0.00195130599950726
"73",73,1.134931,7.643053,10.897114,37.381798,57.056896,0.0198912152529293,0.190986800263372,0.153846153846154,0.210878015516301,0.00362480848771288
"74",74,0,1.451124,10.000198,49.133805,60.585127,0,0.165060279563332,0.0239518190660886,0.165060279563332,0.00384895600662824
"75",75,2.42808,1.243263,9.829212,30.497115,43.99767,0.0551865587427698,0.223403012023137,0.0834440323771691,0.278589570765906,0.00279515954838466
"76",76,0,0.797878,3.94895,12.253877,17.000705,0,0.232281543618338,0.046932053700126,0.232281543618338,0.00108004998696569
"77",77,0,0.822666,1.374588,9.646462,11.843716,0,0.116060533704118,0.0694601255214158,0.116060533704118,0.000752427932337238
"78",78,0,4.153485,2.897254,68.577773,75.628512,0,0.0383090176361,0.0549195652560241,0.0383090176361,0.00480465800681999
"79",79,0,0.523923,5.494654,13.608923,19.6275,0,0.279946707425806,0.0266933129537639,0.279946707425806,0.00124692953140291
"80",80,0,0,4.532689,23.978194,28.510883,0,0.158981010865219,0,0.158981010865219,0.0018112883443675
"81",81,0.254977,1.54235,1.019908,7.351652,10.168887,0.0250742288708686,0.100296915483474,0.176747661764754,0.125371144354343,0.000646026519006452
"82",82,0,1.323654,2.585084,45.270082,49.17882,0,0.0525649863091469,0.0269151232176779,0.0525649863091469,0.00312431654451907
"83",83,0.313324,0.93981,2.506106,10.964396,14.723636,0.0212803413504653,0.170209722652747,0.0851103626848694,0.191490064003212,0.000935388436531754
"84",84,2.515004,2.515004,3.815693,55.243714,64.089415,0.0392421119774615,0.0595370233914602,0.078484223954923,0.0987791353689217,0.00407158243351606
"85",85,0.668206,2.65147,5.30294,17.277263,25.899879,0.0257995799903158,0.204747674689909,0.12817341733527,0.230547254680225,0.00164541199770027
"86",86,1.559938,1.559938,7.65254,42.795364,53.56778,0.0291208259890554,0.142857142857143,0.0582416519781107,0.171977968846198,0.00340314593369987
"87",87,0,2.980144,5.413899,17.951778,26.345821,0,0.205493653054122,0.11311638380903,0.205493653054122,0.00167374256700827
"88",88,0,0,18.88863,43.928025,62.816655,0,0.300694616738188,0,0.300694616738188,0.00399072435019479
"89",89,2.661377,4.063581,9.290981,29.465855,45.481794,0.0585152160004946,0.204279123202572,0.147860438398714,0.262794339203067,0.00288944552692822
"90",90,0,0.881773,5.056418,26.222418,32.160609,0,0.157223950578797,0.0274177954776914,0.157223950578797,0.00204315440631778
"91",91,0,1.693132,3.408415,18.735207,23.836754,0,0.142989897030443,0.071030308908671,0.142989897030443,0.00151434224915992
"92",92,0.476522,1.918176,4.312874,10.055314,16.762886,0.0284272051960504,0.257287080518235,0.142857142857143,0.285714285714286,0.00106494141306536
"93",93,3.577606,12.332732,8.818089,43.964519,68.692946,0.0520811263502951,0.128369643660355,0.231615310253254,0.18045077001065,0.00436404345772336
"94",94,0,1.050644,4.32684,13.024319,18.401803,0,0.235131307513726,0.0570946227388697,0.235131307513726,0.00116906134717914
"95",95,0.609132,4.923896,3.680212,18.60442,27.81766,0.0218973127142973,0.132297684276823,0.198903430410753,0.15419499699112,0.00176724808297162
"96",96,0.477751,1.423567,3.773578,14.655305,20.330201,0.0234995709093088,0.185614397024407,0.0935218495872225,0.209113967933716,0.00129157192746182
"97",97,0.803575,1.628176,1.628176,15.373055,19.432982,0.0413510906354979,0.0837841562350029,0.125135246870501,0.125135246870501,0.00123457185780263
"98",98,0,0.342542,2.426109,12.090904,14.859555,0,0.163269290365694,0.0230519689183155,0.163269290365694,0.00094402333221275
"99",99,0,0.498086,0.510282,5.303079,6.311447,0,0.0808502392557523,0.0789178773108607,0.0808502392557523,0.000400964445302983
"100",100,0,16.525244,18.937316,83.201036,118.663596,0,0.159588253165697,0.139261277738457,0.159588253165697,0.00753866473849772
"101",101,0,5.312468,9.008211,37.288809,51.609488,0,0.174545637809854,0.102935878767098,0.174545637809854,0.00327873619604046
"102",102,0,1.229498,1.837043,20.185861,23.252402,0,0.0790044400574186,0.0528761716746511,0.0790044400574186,0.00147721853164448
"103",103,0,2.04816,4.074112,19.621216,25.743488,0,0.158257964111157,0.0795603144375774,0.158257964111157,0.00163547652164139
"104",104,0,1.77463,5.333393,14.72523,21.833253,0,0.244278440780217,0.0812810624234511,0.244278440780217,0.00138706039649936
"105",105,0,2.323768,3.461293,43.014067,48.799128,0,0.070929402672933,0.0476190476190476,0.070929402672933,0.00310019481899939
"106",106,2.632558,7.824168,8.044686,47.386044,65.887456,0.0399553748136823,0.122097383756932,0.158705869596786,0.162052758570615,0.00418581147040682
"107",107,0,1.13745,2.2749,36.100704,39.513054,0,0.0575733781549763,0.0287866890774882,0.0575733781549763,0.00251025316054097
"108",108,1.213247,3.639741,9.534871,36.869202,51.257061,0.0236698510669584,0.186020634308315,0.0946794042678335,0.209690485375273,0.00325634660827005
"109",109,0,0,3.123046,7.476327,10.599373,0,0.294644409626871,0,0.294644409626871,0.000673375172999854
"110",110,0,0,1.556583,44.455691,46.012274,0,0.0338297342139621,0,0.0338297342139621,0.00292314677149929
"111",111,1.829327,11.088294,11.088294,37.092034,61.097949,0.0299408904871749,0.181483898911238,0.211424789398413,0.211424789398413,0.00388153544344663
"112",112,0,0,1.224761,10.61615,11.840911,0,0.103434693496134,0,0.103434693496134,0.000752249731479483
"113",113,0,6.906402,5.734106,23.790285,36.430793,0,0.157397232610336,0.189575944723465,0.157397232610336,0.00231443798976571
"114",114,0,1.11859,6.672167,18.701046,26.491803,0,0.251857791634643,0.0422240041570594,0.251857791634643,0.00168301676223707
"115",115,0,2.98654,5.911753,41.382271,50.280564,0,0.117575312003262,0.0593975039739013,0.117575312003262,0.00319431002966216
"116",116,0,0,5.765044,38.006524,43.771568,0,0.131707504743719,0,0.131707504743719,0.00278079535218497
"117",117,0,1.951086,3.241233,18.062058,23.254377,0,0.139381631251613,0.0839018822134001,0.139381631251613,0.00147734400283666
"118",118,1.036262,1.036262,4.974865,29.225818,36.273207,0.0285682487352166,0.137149852782523,0.0571364974704332,0.16571810151774,0.00230442659569434
"119",119,0,0,3.530181,49.192845,52.723026,0,0.0669571014379941,0,0.0669571014379941,0.00334947895067244
"120",120,0,7.209252,17.873037,38.08245,63.164739,0,0.28295908893093,0.114134121570581,0.28295908893093,0.00401283802840184
"121",121,1.504823,3.009646,3.777436,24.752687,33.044592,0.0455391611432213,0.11431328914577,0.136617483429664,0.159852450288991,0.00209931359663535
"122",122,0.977342,1.954684,1.914545,30.552442,35.399013,0.0276093008581906,0.0540847000451679,0.0828279025745718,0.0816940009033585,0.00224888929778196
"123",123,1.492456,4.451139,2.967426,18.577013,27.488034,0.0542947524002626,0.107953373456974,0.216224812585724,0.162248125857237,0.00174630703629129
"124",124,1.222096,2.618048,7.680288,46.869184,58.389616,0.0209300228999622,0.131535168856051,0.0657675844280257,0.152465191756014,0.00370947581289903
"125",125,0,2.311529,4.623058,45.252595,52.187182,0,0.088586082306571,0.0442930411532855,0.088586082306571,0.00331543693269639
"126",126,0,0.397872,0.297777,3.674673,4.370322,0,0.0681361693715017,0.0910395160814238,0.0681361693715017,0.00027764532230492
"127",127,3.772456,3.772456,5.658684,65.05836,78.261956,0.0482029352805851,0.0723044029208777,0.0964058705611702,0.120507338201463,0.00497195996034926
"128",128,0,0,5.0121,33.242635,38.254735,0,0.13101907515501,0,0.13101907515501,0.00243031250987097
"129",129,0,1.121112,2.167774,44.327692,47.616578,0,0.0455256150494477,0.0235445730686485,0.0455256150494477,0.00302506775149918
"130",130,1.266946,1.910705,5.783545,16.614302,25.575498,0.0495374909219754,0.226136163604713,0.124245909111916,0.275673654526688,0.00162480416438854
"131",131,1.2353,0,1.885272,23.79392,26.914492,0.0458972066052742,0.0700467242703299,0.0458972066052742,0.115943930875604,0.00170987007502266
"132",132,0,0,6.50484,47.747618,54.252458,0,0.119899452297627,0,0.119899452297627,0.0034466433336592
"133",133,0,2.57914,5.23157,18.20056,26.01127,0,0.201127049928742,0.0991547125534432,0.201127049928742,0.00165248863646896
"134",134,0,0,2.598111,24.744303,27.342414,0,0.0950212735422703,0,0.0950212735422703,0.00173705583882024
"135",135,0,0.521935,0.521935,1.963949,3.007819,0,0.173526066561851,0.173526066561851,0.173526066561851,0.000191085891540684
"136",136,0,0,7.325026,31.534878,38.859904,0,0.188498304061688,0,0.188498304061688,0.00246875872551685
"137",137,0,1.251901,3.879213,21.899867,27.030981,0,0.143509885934217,0.0463135614648984,0.143509885934217,0.00171727058829148
"138",138,4.098411,1.382356,2.764712,39.407126,47.652605,0.0860060221261776,0.0580180663785327,0.115015055315444,0.14402408850471,0.0030273565366337
"139",139,0,3.516592,8.707225,65.085037,77.308854,0,0.112629078682243,0.0454875711907462,0.112629078682243,0.00491140965948368
"140",140,0,1.130081,4.467199,25.513738,31.111018,0,0.143588969026986,0.0363241408558216,0.143588969026986,0.00197647418653458
"141",141,0,0.935116,1.88036,9.396736,12.212212,0,0.153973743659216,0.0765722049371563,0.153973743659216,0.000775838379139115
"142",142,0.597,0.910118,4.208236,6.727798,12.443152,0.0479781971641912,0.338196945597064,0.121120275634341,0.386175142761255,0.000790509932112351
"143",143,0,0,3.11302,28.488389,31.601409,0,0.0985088987646089,0,0.0985088987646089,0.0020076285882584
"144",144,0.525292,2.609374,3.143209,9.92929,16.207165,0.0324110971906561,0.193939470598343,0.19341235805275,0.226350567788999,0.00102963661489337
"145",145,0,0,4.953837,17.862314,22.816151,0,0.217119749952566,0,0.217119749952566,0.00144950362882935
"146",146,2.362041,0,1.205781,28.394013,31.961835,0.0739019208377742,0.0377256499822366,0.0739019208377742,0.111627570820011,0.00203052635023957
"147",147,0,1.713716,1.727768,12.880974,16.322458,0,0.105852194565304,0.104991294816014,0.105852194565304,0.00103696114661998
"148",148,0,1.163963,2.327926,33.27914,36.771029,0,0.0633086988128616,0.0316543494064308,0.0633086988128616,0.00233605308674934
"149",149,0.725882,2.895022,2.16914,26.730044,32.520088,0.0223210343096243,0.0667015415210439,0.111343610140292,0.0890225758306681,0.00206599200565642
"150",150,0.217696,1.059827,1.930611,7.078907,10.287041,0.0211621592642627,0.187674084316374,0.124187606523586,0.208836243580637,0.000653532809255
"151",151,0,1.565257,0.903747,9.273518,11.742522,0,0.0769636199106121,0.13329819607747,0.0769636199106121,0.000745999106098502
"152",152,0,11.108659,8.021769,42.434375,61.564803,0,0.130297972365801,0.180438472287485,0.130297972365801,0.00391119454620825
"153",153,0,0,5.262184,35.461347,40.723531,0,0.129217282263662,0,0.129217282263662,0.00258715442246347
"154",154,0,2.190079,1.117997,37.231343,40.539419,0,0.0275780222701268,0.0540234432072152,0.0275780222701268,0.00257545783910412
"155",155,0,4.958563,6.146999,35.420466,46.526028,0,0.132119574015646,0.106576108323711,0.132119574015646,0.00295578541801445
"156",156,0,3.41469,8.661303,57.401298,69.477291,0,0.12466379842012,0.04914828933097,0.12466379842012,0.00441387267404272
"157",157,0,0.502518,0.971967,5.144163,6.618648,0,0.146852801357619,0.0759245694891162,0.146852801357619,0.000420480838067039
"158",158,3.247602,3.359136,9.742806,40.87386,57.223404,0.0567530376207609,0.170259112862283,0.115455172852003,0.227012150483044,0.00363538669392431
"159",159,1.369952,2.696828,1.326876,52.609684,58.00334,0.0236185019690245,0.0228758550800695,0.0701128590181186,0.0464943570490941,0.00368493580771895
"160",160,0,0,4.485179,24.390581,28.87576,0,0.155326786204069,0,0.155326786204069,0.00183446887712153
"161",161,1.243462,8.653165,1.243462,41.15419,52.294279,0.0237781651029169,0.0237781651029169,0.189248751283099,0.0475563302058338,0.00332224077485788
"162",162,1.629584,3.182561,8.071313,60.69848,73.581938,0.0221465218814976,0.10969149793255,0.0653984541695545,0.131838019814047,0.00467463973863497
"163",163,0,0.385714,1.140698,6.495473,8.021885,0,0.142198248915311,0.0480827137262626,0.142198248915311,0.000509628088346352
"164",164,0,7.247856,14.644066,105.146945,127.038867,0,0.115272328428433,0.0570522720420673,0.115272328428433,0.00807074333961363
"165",165,0,1.436739,2.869257,9.307146,13.613142,0,0.210771106332396,0.105540587176715,0.210771106332396,0.000864839066360018
"166",166,0.633473,4.444597,7.663392,21.028041,33.769503,0.0187587303254063,0.226932330037549,0.150374436958696,0.245691060362955,0.00214536698772126
"167",167,1.708749,1.708749,6.727538,53.927762,64.072798,0.0266688681209146,0.104998348909314,0.0533377362418292,0.131667217030229,0.00407052676019938
"168",168,0.706463,2.119389,3.521027,14.790571,21.13745,0.0334223380776773,0.166577661922323,0.133689352310709,0.2,0.00134285622843217
"169",169,0,1.491919,4.370731,30.857682,36.720332,0,0.119027545829379,0.0406292350515785,0.119027545829379,0.00233283232065822
"170",170,0.928444,1.37894,2.334836,17.667888,22.310108,0.0416153969312923,0.104653729152723,0.103423255503738,0.146269126084015,0.00141735485996629
"171",171,0.197107,0.399216,1.581858,5.756119,7.9343,0.0248423931537754,0.199369572615102,0.0751576068462246,0.224211965768877,0.000504063838033886
"172",172,0,2.46037,1.643475,25.478705,29.58255,0,0.0555555555555556,0.083169638858043,0.0555555555555556,0.00187937104619555
"173",173,0,0.458568,1.834272,14.922957,17.215797,0,0.106545865985757,0.0266364664964393,0.106545865985757,0.00109371472097504
"174",174,0,1.162264,3.458436,25.399672,30.020372,0,0.115202969503509,0.0387158426950872,0.115202969503509,0.00190718575419697
"175",175,0,2.447583,1.265821,25.405415,29.118819,0,0.043470890766552,0.0840550229732875,0.043470890766552,0.00184991034674187
"176",176,0.675376,2.69052,2.679536,34.86692,40.912352,0.0165078751766704,0.0654945479546128,0.0822708995073175,0.0820024231312832,0.00259915016726281
"177",177,0,7.085255,11.785072,61.16868,80.039007,0,0.147241606833028,0.0885225250233302,0.147241606833028,0.00508485550846843
"178",178,0,2.112459,1.019955,48.296361,51.428775,0,0.0198323798301632,0.0410754290764266,0.0198323798301632,0.00326725555019109
"179",179,0.654034,2.584225,3.238259,27.309873,33.786391,0.0193579124802054,0.0958450696909297,0.0958450696909297,0.115202982171135,0.00214643987759141
"180",180,0,0.401713,1.988441,11.56415,13.954304,0,0.142496608931553,0.0287877489267827,0.142496608931553,0.000886512991862119
"181",181,0,0,4.439144,33.002722,37.441866,0,0.118560971293471,0,0.118560971293471,0.00237867117188794
"182",182,1.486234,1.486234,5.968876,11.877902,20.819246,0.0713875036588741,0.286699912187022,0.142775007317748,0.358087415845896,0.0013226408181858
"183",183,0,1.080181,4.269944,30.563549,35.913674,0,0.118894658340998,0.0300771511151992,0.118894658340998,0.00228158556575095
"184",184,1.990269,13.992989,6.031913,82.823149,104.83832,0.01898417487041,0.0575353840084427,0.152456258360493,0.0765195588788527,0.0066603488590329
"185",185,1.438572,4.377327,5.939121,39.703998,51.459018,0.0279556831030083,0.115414580977818,0.113020015267295,0.143370264080826,0.00326917687943925
"186",186,0.338283,0.669708,1.684557,8.043354,10.735902,0.0315095089355324,0.156908753451736,0.0938897355806713,0.188418262387268,0.000682048821808562
"187",187,0,1.11267,0.556335,15.435156,17.104161,0,0.0325262957943392,0.0650525915886783,0.0325262957943392,0.00108662251742555
"188",188,0,0.736148,2.922206,10.57714,14.235494,0,0.205276051537095,0.0517121499260932,0.205276051537095,0.000904376913142729
"189",189,1.13042,1.13042,8.950508,38.86831,50.079658,0.0225724384938891,0.178725421806994,0.0451448769877782,0.201297860300883,0.00318154652822611
"190",190,0.629764,3.118634,3.108572,19.361692,26.218662,0.0240196849099317,0.118563334772766,0.142966792126921,0.142583019682698,0.0016656641916531
"191",191,1.187915,2.493026,9.79631,30.401051,43.878302,0.0270729482649534,0.223260918346385,0.0838897776855631,0.250333866611338,0.00278757613305899
"192",192,0,1.458544,2.447445,14.555671,18.46166,0,0.132569064753657,0.0790039465573518,0.132569064753657,0.00117286404548311
"193",193,0,0,4.187247,14.571507,18.758754,0,0.223215625088958,0,0.223215625088958,0.00119173834339179
"194",194,0.652936,0.652936,5.148482,21.487267,27.941621,0.023367864019056,0.184258529596404,0.046735728038112,0.20762639361546,0.00177512329029004
"195",195,0,0.727419,9.205761,22.734255,32.667435,0,0.281802382097033,0.0222674048329782,0.281802382097033,0.00207535291894969
"196",196,0,1.399421,7.816968,19.495772,28.712161,0,0.27225286177519,0.0487396612188125,0.27225286177519,0.00182407547885848
"197",197,0,1.256018,4.412495,19.731191,25.399704,0,0.173722300070898,0.0494501038279816,0.173722300070898,0.00161363602121985
"198",198,0.472117,0.944234,3.274107,12.136838,16.827296,0.0280566170583794,0.194571189571991,0.0841698511751383,0.22262780663037,0.00106903336217338
"199",199,0,2.383444,1.191722,53.418637,56.993803,0,0.0209096767941595,0.0418193535883191,0.0209096767941595,0.00362080020724288
"200",200,0,0.601084,2.682288,9.850116,13.133488,0,0.204232721726323,0.0457672782736772,0.204232721726323,0.00083436678321364
"201",201,0,3.694617,1.632544,16.983161,22.310322,0,0.073174380898671,0.1656012405379,0.073174380898671,0.00141736845532584
"202",202,0,2.926502,2.941658,12.87964,18.7478,0,0.156906837068883,0.156098422214873,0.156906837068883,0.00119104243886565
"203",203,0,4.31184,1.43728,21.601698,27.350818,0,0.0525497994246461,0.157649398273938,0.0525497994246461,0.00173758974256662
"204",204,0,4.07714,4.064111,20.190265,28.331516,0,0.14344841271466,0.143908289270507,0.14344841271466,0.00179989320951797
"205",205,0.306591,0.876834,2.381163,8.968722,12.53331,0.0244620934134718,0.189986763273229,0.0944223832331603,0.214448856686701,0.000796237644388098
"206",206,0,0,1.337271,10.696089,12.03336,0,0.11113030774447,0,0.11113030774447,0.000764475962094129
"207",207,0,1.55895,1.55895,62.875377,65.993277,0,0.0236228608559626,0.0236228608559626,0.0236228608559626,0.0041925342486487
"208",208,0,1.325524,6.584504,17.124022,25.03405,0,0.263021924139322,0.0529488436749148,0.263021924139322,0.00159040612587528
"209",209,0.768651,2.350111,4.832696,19.154152,27.10561,0.0283576351906487,0.17829135739797,0.115059650013411,0.206648992588619,0.00172201174758324
"210",210,0,2.885202,2.140764,20.774262,25.800228,0,0.0829746155731647,0.111828546631448,0.0829746155731647,0.00163908119781573
"211",211,0,0,1.596119,10.308728,11.904847,0,0.134073037645927,0,0.134073037645927,0.00075631156750138
"212",212,0,2.653191,3.963825,21.161682,27.778698,0,0.142692972867195,0.0955117118880086,0.142692972867195,0.00176477283811606
"213",213,0,3.738196,4.966723,28.940116,37.645035,0,0.131935672260631,0.0993011694636491,0.131935672260631,0.00239157844107482
"214",214,0.916277,0.916277,8.637543,34.159122,44.629219,0.0205308768679102,0.193540088613247,0.0410617537358205,0.214070965481157,0.00283528167797976
"215",215,0,3.789808,9.659068,57.646828,71.095704,0,0.135860079534482,0.0533057243515023,0.135860079534482,0.00451668999482766
"216",216,0,1.272076,3.18019,19.603383,24.055649,0,0.132201380224662,0.0528805520898646,0.132201380224662,0.00152824858668515
"217",217,0,0.262763,1.793229,9.800546,11.856538,0,0.151243895983802,0.022161865461908,0.151243895983802,0.000753242510375788
"218",218,0,1.477313,7.293661,53.638637,62.409611,0,0.11686759271741,0.0236712419181719,0.11686759271741,0.00396486495984042
"219",219,0,8.101194,5.075529,17.210943,30.387666,0,0.167025957176178,0.266594808564764,0.167025957176178,0.00193051983827834
"220",220,0.324694,1.292193,0.974082,7.408715,9.999684,0.0324704260654637,0.097411278196391,0.161693809524381,0.129881704261855,0.000635277100206199
"221",221,0,3.901092,0,28.274805,32.175897,0,0,0.121242680507089,0,0.00204412564863983
"222",222,0,0.71215,0.71215,26.172342,27.596642,0,0.0258056759224546,0.0258056759224546,0.0258056759224546,0.00175320687185601
"223",223,0,0,4.557752,49.045869,53.603621,0,0.0850269424895755,0,0.0850269424895755,0.00340542290230692
"224",224,0,0.287653,2.513157,8.990356,11.791166,0,0.21313897200667,0.0243956365299242,0.21313897200667,0.000749089445679476
"225",225,0,4.520649,5.932768,41.529376,51.982793,0,0.114129458184365,0.0869643345250802,0.114129458184365,0.00330245215725408
"226",226,0,0,3.523595,35.358415,38.88201,0,0.0906227584427863,0,0.0906227584427863,0.00247016311345323
"227",227,0.780281,3.966529,6.372496,26.95286,38.072166,0.0204947887651047,0.167379392073464,0.124679273566941,0.187874180838569,0.00241871395286581
"228",228,0.477031,1.947612,3.865608,21.236164,27.526415,0.0173299356272875,0.14043267167192,0.0880842274593331,0.157762607299207,0.00174874537038095
"229",229,0,1.804239,1.202826,17.52423,20.531295,0,0.0585850040146031,0.0878775060219046,0.0585850040146031,0.00130434737248477
"230",230,0,3.708995,2.214879,22.069905,27.993779,0,0.0791204002860778,0.132493544369269,0.0791204002860778,0.00177843687329851
"231",231,3.213591,4.245276,8.431284,30.748617,46.638768,0.0689038569800986,0.180778445948658,0.159928474096914,0.249682302928757,0.00296294775837213
"232",232,1.000532,2.886658,5.888254,24.381141,34.156585,0.0292925068475083,0.172390009130011,0.113804995434994,0.201682515977519,0.00216995819785371
"233",233,0,0,5.247992,37.163928,42.41192,0,0.123738609334357,0,0.123738609334357,0.00269441729876437
"234",234,0,1.502286,1.972595,13.368309,16.84319,0,0.117115285168665,0.0891924866964037,0.117115285168665,0.00107004310350428
"235",235,0,0,2.7267,19.552528,22.279228,0,0.122387544128549,0,0.122387544128549,0.00141539306228804
"236",236,0,5.337498,5.337498,37.619442,48.294438,0,0.110519931922595,0.110519931922595,0.110519931922595,0.00306813200584419
"237",237,0,2.478063,1.623718,23.713855,27.815636,0,0.0583742899137737,0.08908884916383,0.0583742899137737,0.00176711949882328
"238",238,0,0,8.342258,35.959807,44.302065,0,0.188304044066569,0,0.188304044066569,0.00281449767676124
"239",239,2.012838,0,0.660034,26.630512,29.303384,0.0686896093638878,0.0225241562544449,0.0686896093638878,0.0912137656183327,0.00186163570906328
"240",240,0,0,10.22958,39.675326,49.904906,0,0.204981450120355,0,0.204981450120355,0.00317044458302312
"241",241,0,1.02007,3.090372,16.381444,20.491886,0,0.15080954481203,0.0497792150512647,0.15080954481203,0.00130184372984546
"242",242,0,3.183549,2.122366,27.397132,32.703047,0,0.0648981117875652,0.0973471676813479,0.0648981117875652,0.00207761533925142
"243",243,0,2.453786,6.067812,27.552009,36.073607,0,0.168206411962075,0.0680216425266262,0.168206411962075,0.00229174606406943
"244",244,0.446894,0.665105,1.114617,5.115719,7.342335,0.0608653786567897,0.151806884322222,0.151450322002469,0.212672262979011,0.000466456468778661
"245",245,1.034956,4.980168,5.077474,25.338717,36.431315,0.0284084173190015,0.139371142655707,0.165108616035408,0.167779559974709,0.00231447115227827
"246",246,0,1.849063,0,25.216773,27.065836,0,0,0.0683172321002758,0,0.00171948491659702
"247",247,0,2.174374,2.183324,15.319068,19.676766,0,0.11095949405507,0.110504642886946,0.11095949405507,0.0012500593864682
"248",248,0.765581,2.255152,3.020733,22.177201,28.218667,0.0271303034973268,0.107047331470335,0.107047331470335,0.134177634967662,0.00179272394442108
"249",249,0,1.43252,1.440962,26.488957,29.362439,0,0.0490750104240319,0.0487875002481912,0.0490750104240319,0.00186538745653377
"250",250,0.390194,0.398693,2.349663,6.302597,9.441147,0.0413290885101143,0.248874739478159,0.0835583854377016,0.290203827988273,0.00059979340234956
"251",251,0,3.531162,2.942329,12.356313,18.829804,0,0.156259141093556,0.187530470311852,0.156259141093556,0.00119625212982441
"252",252,0,2.348654,5.921929,38.383168,46.653751,0,0.126933609261129,0.0503422329321387,0.126933609261129,0.00296389962413033
"253",253,0,5.674402,2.257156,40.628808,48.560366,0,0.0464814453828458,0.116852537725931,0.0464814453828458,0.0030850263365754
"254",254,0,0,7.452044,72.052228,79.504272,0,0.0937313657811998,0,0.0937313657811998,0.00505088394494915
"255",255,0,6.079407,10.091285,59.034491,75.205183,0,0.134183371377475,0.0808376066314472,0.134183371377475,0.00477776403501516
"256",256,0,5.566947,5.508599,51.024604,62.10015,0,0.0887050836431152,0.0896446626940515,0.0887050836431152,0.00394520498991468
"257",257,0.82076,5.024592,5.895368,17.786136,29.526856,0.0277970671852093,0.199661216893529,0.197967301361174,0.227458284078738,0.00187583282210578
"258",258,0,3.737013,1.26046,31.023463,36.020936,0,0.0349924277370249,0.103745582846598,0.0349924277370249,0.00228839989031584
"259",259,0.425232,1.324471,0,7.829766,9.579469,0.0443899343481356,0,0.182651355727546,0.0443899343481356,0.000608580959941852
"260",260,0,1.339767,13.179315,39.101235,53.620317,0,0.245789576365242,0.0249861820100765,0.245789576365242,0.0034064835944713
"261",261,0,1.576512,3.858045,15.43218,20.866737,0,0.184889712272695,0.0755514386365247,0.184889712272695,0.00132565790800243
"262",262,0.568246,0.568246,4.047292,6.091809,11.275593,0.0503961077701191,0.358942718134647,0.100792215540238,0.409338825904766,0.000716335238608071
"263",263,1.312294,5.289468,6.642054,46.655546,59.899362,0.0219083134808681,0.110886890581572,0.110214228992957,0.132795204062441,0.00380538954986591
"264",264,0,1.894512,3.819624,17.760312,23.474448,0,0.162714113660947,0.0807052843159507,0.162714113660947,0.00149132505130974
"265",265,0,2.096553,3.591646,21.817424,27.505623,0,0.130578609326537,0.0762227054446285,0.130578609326537,0.00174742446049344
"266",266,0,0.710031,3.527059,21.139258,25.376348,0,0.138990015426964,0.0279800308539274,0.138990015426964,0.00161215222113653
"267",267,0,2.272945,10.248612,22.688731,35.210288,0,0.291068678563493,0.0645534339281746,0.291068678563493,0.00223689965183551
"268",268,0,8.668855,11.7922,142.666441,163.127496,0,0.0722882425658026,0.053141593002813,0.0722882425658026,0.0103634437471002
"269",269,0,1.334889,1.378225,63.953191,66.666305,0,0.0206734871536678,0.0200234436271817,0.0206734871536678,0.00423529152739847
"270",270,0.50488,2.017395,1.17947,7.42049,11.122235,0.0453937540431397,0.106046131915033,0.226777711494138,0.151439885958173,0.000706592448182552
"271",271,0,3.08443,6.35682,16.136398,25.577648,0,0.24853027925007,0.120590837750211,0.24853027925007,0.00162494075328129
"272",272,0,3.404132,8.731354,38.053268,50.188754,0,0.17397032809382,0.0678265891996442,0.17397032809382,0.003188477366293
"273",273,0,0,2.9836,52.038214,55.021814,0,0.0542257658026324,0,0.0542257658026324,0.00349552030304206
"274",274,1.048993,4.195972,11.310971,23.499971,40.055907,0.0261882223762902,0.282379600092441,0.130941111881451,0.308567822468731,0.0025447404583074
"275",275,0,0.452838,3.874513,6.128547,10.455898,0,0.370557650811054,0.043309336032161,0.370557650811054,0.000664260246772977
"276",276,0,3.41612,1.117311,32.119139,36.65257,0,0.0304838378318355,0.0932027413084539,0.0304838378318355,0.00232852741993694
"277",277,0,2.283448,3.425172,50.39289,56.10151,0,0.0610531160391227,0.0407020773594151,0.0610531160391227,0.00356411308497239
"278",278,0,0,1.593659,41.643529,43.237188,0,0.036858525582191,0,0.036858525582191,0.00274684634171542
"279",279,0.980966,2.927224,2.919387,17.998968,24.826545,0.0395127876230865,0.117591352320671,0.157419810126621,0.157104139943758,0.00157722339183305
"280",280,0,3.498895,8.720787,43.603935,55.823617,0,0.156220386077814,0.0626776835331183,0.156220386077814,0.00354645862117057
"281",281,0,0,7.620084,66.704538,74.324622,0,0.102524355926089,0,0.102524355926089,0.00472182224339108
"282",282,0.654583,2.645649,3.272915,31.339058,37.912205,0.0172657591400975,0.0863287957004875,0.0870493288375076,0.103594554840585,0.00240855167571525
"283",283,0,1.305334,5.159972,45.948836,52.414142,0,0.0984461788957644,0.0249042329072181,0.0984461788957644,0.00332985563739373
"284",284,0,7.518768,7.681494,86.595875,101.796137,0,0.0754595825183425,0.0738610346284555,0.0754595825183425,0.00646707983227799
"285",285,0,2.961681,3.882103,37.421099,44.264883,0,0.0877016437612633,0.0669081402519464,0.0877016437612633,0.00281213551480293
"286",286,1.214003,0.602113,4.253899,12.732366,18.802381,0.0645664503873206,0.226242570023445,0.0965896819131577,0.290809020410766,0.00119450995437977
"287",287,0,1.097562,3.275058,6.962978,11.335598,0,0.288917973273223,0.0968243580973849,0.288917973273223,0.000720147339310241
"288",288,0.996526,0.949679,0.996526,36.977895,39.920626,0.0249626847033912,0.0249626847033912,0.0487518657648304,0.0499253694067823,0.00253614609458621
"289",289,0.298447,3.309412,1.201358,11.431826,16.241043,0.0183760981360618,0.0739704956141056,0.222144538377246,0.0923465937501674,0.00103178887466486
"290",290,0.54413,2.15913,5.432605,13.490215,21.62608,0.0251608243380215,0.251206182535161,0.125,0.276367006873183,0.00137389875432336
"291",291,0,2.569537,5.139074,26.004625,33.713236,0,0.152434907168211,0.0762174535841057,0.152434907168211,0.00214179236110333
"292",292,0,2.656772,8.769418,52.699546,64.125736,0,0.136753486930739,0.0414306667762846,0.136753486930739,0.00407388989638755
"293",293,0,1.349335,0,50.629688,51.979023,0,0,0.0259592220500181,0,0.00330221265021888
"294",294,0,1.24636,6.129426,34.232649,41.608435,0,0.147312101500573,0.0299545032155139,0.147312101500573,0.00264337212365092
"295",295,0,0,13.069626,95.541584,108.61121,0,0.120334042867214,0,0.120334042867214,0.0069000394951167
"296",296,0,6.713783,2.283271,62.775333,71.772387,0,0.0318126663392148,0.0935427018750261,0.0318126663392148,0.00455967947469511
"297",297,2.262285,1.099559,5.750463,42.983415,52.095722,0.043425542696193,0.110382633721825,0.0645320550505088,0.153808176418018,0.00330962650472838
"298",298,0.973891,2.921673,0,26.169536,30.0651,0.0323927410851785,0,0.129570964340714,0.0323927410851785,0.00191002731140398
"299",299,0,5.923068,2.636062,25.612818,34.171948,0,0.0771411100122241,0.173331295014261,0.0771411100122241,0.00217093420490458
"300",300,0,1.752195,1.16813,10.036079,12.956404,0,0.0901585038564713,0.135237755784707,0.0901585038564713,0.000823116686709299
"301",301,0,2.005177,5.606398,11.632051,19.243626,0,0.291337921449939,0.104199541188339,0.291337921449939,0.0012225421246044
"302",302,0,1.099513,8.087631,32.980789,42.167933,0,0.191795765754039,0.0260746240514089,0.191795765754039,0.00267891687356613
"303",303,1.408039,2.766517,2.766517,37.273638,44.214711,0.0318454869014071,0.0625700572825185,0.0944155441839256,0.0944155441839256,0.00280894810181353
"304",304,0.601948,3.049548,1.2238,20.715032,25.590328,0.0235224808372913,0.0478227555348255,0.142690472744234,0.0713452363721168,0.00162574631009995
"305",305,0,2.737676,4.892118,23.472616,31.10241,0,0.157290640821724,0.0880213462558046,0.157290640821724,0.00197592732272583
"306",306,0,4.368383,0,30.904103,35.272486,0,0,0.123846756931167,0,0.00224085107320829
"307",307,0,3.218133,1.149013,43.056561,47.423707,0,0.0242286626813041,0.0678591616635958,0.0242286626813041,0.00301281471134372
"308",308,0,1.431437,0,31.491614,32.923051,0,0,0.0434782608695652,0,0.00209159213123343
"309",309,0,8.418138,8.418138,122.128418,138.964694,0,0.0605775305776588,0.0605775305776588,0.0605775305776588,0.00882838776058941
"310",310,0,2.983414,11.723281,59.617237,74.323932,0,0.157732249687759,0.0401406911571901,0.157732249687759,0.00472177840788596
"311",311,0,1.67703,15.29923,34.0555,51.03176,0,0.299798204098781,0.0328624762304886,0.299798204098781,0.00324203329937413
"312",312,0,1.919274,2.947169,42.629551,47.495994,0,0.0620508963345414,0.0404091764033826,0.0620508963345414,0.00301740708403696
"313",313,0,1.844174,2.797929,27.535938,32.178041,0,0.086951502112885,0.0573115684699389,0.086951502112885,0.00204426185635428
"314",314,0,4.038053,8.140605,46.40536,58.584018,0,0.13895607160301,0.0689275529035922,0.13895607160301,0.00372182611705207
"315",315,0,2.190591,2.137862,30.931919,35.260372,0,0.0606307273218785,0.0621261454643757,0.0606307273218785,0.00224008147420977
"316",316,0,1.026779,4.910771,34.821645,40.759195,0,0.120482531610352,0.0251913463943535,0.120482531610352,0.00258942014631052
"317",317,0,0.541356,2.73363,26.262538,29.537524,0,0.0925477030505333,0.0183277379647664,0.0925477030505333,0.00187651055713271
"318",318,0,3.376534,8.49317,56.438501,68.308205,0,0.124336014977996,0.0494308699811392,0.124336014977996,0.00433960097065973
"319",319,0,0,8.153546,24.411656,32.565202,0,0.250376030217777,0,0.250376030217777,0.00206885808533441
"320",320,0.504627,2.028951,6.643695,19.395129,28.572402,0.0176613432780345,0.2325214029958,0.0886722089378415,0.250182746273834,0.00181519662906206
"321",321,0,2.466357,4.175128,25.786843,32.428328,0,0.128749406999954,0.0760556325938235,0.128749406999954,0.00206016251877314
"322",322,1.266615,1.266615,4.962422,36.003569,43.499221,0.0291181076553072,0.11408070962926,0.0582362153106144,0.143198817284567,0.00276349322419674
"323",323,0,0,4.963314,34.828427,39.791741,0,0.124732265421611,0,0.124732265421611,0.00252795806693853
"324",324,0,0,5.761887,49.863611,55.625498,0,0.103583558029449,0,0.103583558029449,0.00353387217705737
"325",325,0,1.926378,2.553456,21.704376,26.18421,0,0.0975189245732447,0.0735702165541752,0.0975189245732447,0.00166347546582374
"326",326,0,1.228363,4.933594,23.308684,29.470641,0,0.167407081508678,0.0416809054136284,0.167407081508678,0.00187226149903316
"327",327,0.288645,0.571137,1.713411,7.989765,10.562958,0.027326152390268,0.162209392482674,0.0813959498844926,0.189535544872942,0.000671061738334918
"328",328,0,2.064244,5.033446,34.583492,41.681182,0,0.120760634859155,0.0495246032130279,0.120760634859155,0.00264799372001423
"329",329,1.068586,3.205758,7.708126,45.408194,57.390664,0.0186195092637367,0.134309754631868,0.0744780370549468,0.152929263895605,0.00364601267448334
"330",330,0.658675,2.008695,5.33474,21.943185,29.945295,0.0219959429352758,0.178149522320618,0.0890747611603092,0.200145465255894,0.00190241613359174
"331",331,0,1.966838,3.265266,22.111668,27.343772,0,0.119415346207539,0.0719300175557344,0.119415346207539,0.00173714211217669
"332",332,0,5.537656,16.746264,44.101304,66.385224,0,0.252258906289147,0.0834169965292277,0.252258906289147,0.00421743453085707
"333",333,0.517771,1.553044,0,5.694136,7.764951,0.0666805238049796,0,0.266687452374136,0.0666805238049796,0.000493305143894869
"334",334,1.976857,7.907428,20.011346,52.187304,82.082935,0.0240836539287977,0.243794230798399,0.120418269643989,0.267877884727197,0.00521470567702078
"335",335,0,0.601632,4.197324,16.159464,20.95842,0,0.200269104254996,0.0287059806989267,0.200269104254996,0.00133148250309746
"336",336,0.689923,3.448541,4.829103,18.624699,27.592266,0.02500421676132,0.175016542679025,0.149986376617274,0.200020759440345,0.00175292886581197
"337",337,0,0,6.069134,57.529531,63.598665,0,0.0954286383212604,0,0.0954286383212604,0.00404040522462364
"338",338,0,3.14749,4.696098,47.413446,55.257034,0,0.0849864290580635,0.0569608929788016,0.0849864290580635,0.00351046376320645
"339",339,0,0,5.410797,12.022572,17.433369,0,0.31037012983549,0,0.31037012983549,0.00110753700868394
"340",340,0,3.834814,6.45279,29.645974,39.933578,0,0.161588075078071,0.0960298123048228,0.161588075078071,0.00253696893148804
"341",341,0,0,5.113022,29.609938,34.72296,0,0.147251904791527,0,0.147251904791527,0.00220593984163658
"342",342,1.849214,3.758461,13.244663,43.132252,61.98459,0.0298334473132758,0.213676705774774,0.090468856856196,0.24351015308805,0.00393786349575348
"343",343,0,3.109926,17.04986,53.164846,73.324632,0,0.232525681138093,0.0424131143269836,0.232525681138093,0.00465829316112856
"344",344,0,1.316522,3.248481,11.094083,15.659086,0,0.20745023049238,0.0840740002321975,0.20745023049238,0.00099481731082297
"345",345,0,7.266984,1.161422,59.165424,67.59383,0,0.0171823670888304,0.107509575947982,0.0171823670888304,0.00429421692867802
"346",346,0,4.295677,4.351511,34.532918,43.180106,0,0.10077582949889,0.0994827803340733,0.10077582949889,0.00274321993837768
"347",347,0,8.209284,2.115334,77.196137,87.520755,0,0.0241695127058719,0.093798139652703,0.0241695127058719,0.00556016884576124
"348",348,0,1.696444,0.425357,16.09379,18.215591,0,0.0233512599179461,0.0931314279070056,0.0233512599179461,0.00115723135141292
"349",349,0,2.178962,5.269838,27.734616,35.183416,0,0.149781874505875,0.0619315077308013,0.149781874505875,0.00223519248126525
"350",350,0.712375,1.892697,0.715362,8.047696,11.36813,0.0626642200608191,0.0629269721581298,0.229155718662612,0.125591192218949,0.000722214088081893
"351",351,0,2.20976,3.092748,13.255125,18.557633,0,0.166656383386825,0.119075530807189,0.166656383386825,0.00117896118306647
"352",352,0,3.036433,6.157649,74.265434,83.459516,0,0.0737800708070246,0.0363821065053864,0.0737800708070246,0.00530215947914883
"353",353,0,0,1.10979,37.271574,38.381364,0,0.0289148139706551,0,0.0289148139706551,0.00243835721447584
"354",354,0,1.843208,2.388006,5.01026,9.241474,0,0.258400986682428,0.199449568326438,0.258400986682428,0.000587108233055263
"355",355,0,0,2.603555,32.567758,35.171313,0,0.0740249589203565,0,0.0740249589203565,0.00223442358109362
"356",356,2.349862,14.099172,14.243468,107.114602,137.807104,0.0170518204925052,0.103358009758336,0.119362743447537,0.120409830250841,0.00875484639483948
"357",357,0,2.711679,2.168725,17.895283,22.775687,0,0.0952210574372575,0.119060250520654,0.0952210574372575,0.00144693296233801
"358",358,0.768358,1.524438,7.634468,16.744262,26.671526,0.0288081754302322,0.286240389844961,0.0859641851763562,0.315048565275193,0.00169443451366606
"359",359,0,0.632032,4.46602,21.013791,26.111843,0,0.171034269775596,0.0242048023956026,0.171034269775596,0.00165887801075309
"360",360,0.913169,1.850231,5.5268,42.626992,50.917192,0.017934394339735,0.108544870267001,0.0542724351335007,0.126479264606736,0.00323475482669275
"361",361,1.195954,1.195954,1.808379,14.380344,18.580631,0.064365628917554,0.0973260273023021,0.128731257835108,0.161691656219856,0.00118042223951091
"362",362,0,1.179265,4.112924,25.37837,30.670559,0,0.134100066451348,0.038449413328267,0.134100066451348,0.00194849195066795
"363",363,1.756676,0.852367,10.540056,11.392423,24.541522,0.071579749617811,0.429478497706866,0.10631137710204,0.501058247324677,0.00155911596114504
"364",364,0,3.518261,0,33.339184,36.857445,0,0,0.0954559112819676,0,0.00234154307082198
"365",365,1.753205,15.465495,13.92119,69.18815,100.32804,0.0174747259091277,0.138756722447683,0.17162400461526,0.15623144835681,0.00637381204451776
"366",366,0.301863,1.791873,0.892719,13.41009,16.396545,0.0184101589694658,0.0544455554508587,0.127693730599953,0.0728557144203245,0.00104166787280483
"367",367,1.824617,3.634539,2.744273,11.837968,20.041397,0.0910424058761971,0.136930224973838,0.272393985309507,0.227972630850035,0.00127322429091171
"368",368,0,8.960027,10.790694,57.67924,77.429961,0,0.139360705605935,0.115717829174678,0.139360705605935,0.00491910355298818
"369",369,0,0.487221,1.981104,19.146609,21.614934,0,0.0916544089378205,0.0225409432200903,0.0916544089378205,0.00137319065209144
"370",370,0.764346,0,2.257106,24.792234,27.813686,0.0274809315097611,0.0811509125399632,0.0274809315097611,0.108631844049724,0.00176699561587404
"371",371,0,1.02941,1.54826,13.92605,16.50372,0,0.0938127888742659,0.0623744222514681,0.0938127888742659,0.00104847667028429
"372",372,0.692937,4.908393,2.107728,17.670429,25.379487,0.0273030341393425,0.0830484871502722,0.220703042579229,0.110351521289615,0.00161235164091994
"373",373,0,7.805352,11.058408,54.989928,73.853688,0,0.149733998388814,0.105686692315217,0.149733998388814,0.00469190393938182
"374",374,0,2.053119,5.489988,26.836836,34.379943,0,0.159685779583753,0.0597185108771123,0.159685779583753,0.0021841480685084
"375",375,1.331984,3.32996,5.93992,15.821784,26.423648,0.050408785342584,0.224795607328708,0.176430748699044,0.275204392671292,0.00167868689433679
"376",376,0,1.400166,0,19.257336,20.657502,0,0,0.0677800249033015,0,0.00131236526754883
"377",377,0,9.585038,2.413104,52.953532,64.951674,0,0.0371522987998739,0.147571839333964,0.0371522987998739,0.00412636150424937
"378",378,0,1.661082,4.41748,22.635058,28.71362,0,0.153846153846154,0.0578499680639362,0.153846153846154,0.0018241681687164
"379",379,0,1.753333,4.757002,21.717523,28.227858,0,0.168521536419802,0.0621135688014301,0.168521536419802,0.00179330784605517
"380",380,0,1.692962,3.447688,21.625255,26.765905,0,0.128808945559659,0.0632506915047334,0.128808945559659,0.00170043038487962
"381",381,0,0.59726,6.02197,21.728462,28.347692,0,0.212432461873792,0.0210690873881373,0.212432461873792,0.00180092086622922
"382",382,0,1.756489,5.104323,48.521116,55.381928,0,0.0921658595923204,0.0317159236493175,0.0921658595923204,0.00351839824375135
"383",383,0.734751,7.660231,4.974445,11.418392,24.787819,0.0296416155047768,0.200681028048494,0.338673684844964,0.230322643553271,0.00157476313999084
"384",384,0,2.480416,2.204052,5.383749,10.068217,0,0.218911849039408,0.246360999171949,0.218911849039408,0.000639630982339717
"385",385,0,1.06167,0.530835,5.516676,7.109181,0,0.0746689386583349,0.14933787731667,0.0746689386583349,0.000451644261010748
"386",386,0,1.68215,3.94011,5.626788,11.249048,0,0.350261639918329,0.149537098606033,0.350261639918329,0.000714648842255449
"387",387,0.616011,2.444358,6.140424,15.292002,24.492795,0.0251507024820973,0.250703278249787,0.124949765839301,0.275853980731885,0.0015560203485975
"388",388,0,1.924646,3.911774,55.20221,61.03863,0,0.0640868577817032,0.0315316054767284,0.0640868577817032,0.00387776692413071
"389",389,0,3.355019,8.357496,40.320331,52.032846,0,0.160619620921754,0.0644788678289863,0.160619620921754,0.00330563201020709
"390",390,0,9.499008,4.677693,55.578439,69.75514,0,0.0670587572471362,0.136176459541189,0.0670587572471362,0.00443152434253697
"391",391,0,4.588995,2.378352,35.004444,41.971791,0,0.0566654875413823,0.109335219933788,0.0566654875413823,0.00266645602770454
"392",392,0,0.779702,5.483694,19.62145,25.884846,0,0.211849589524311,0.0301219485717628,0.211849589524311,0.00164445695545619
"393",393,1.433682,2.867364,2.118009,23.623239,30.042294,0.0477221213533161,0.0705009078201552,0.143166364059948,0.118223029173471,0.00190857845266531
"394",394,0.316224,3.130552,0.624526,12.245594,16.316896,0.0193801566180234,0.0382748042274707,0.211239686763953,0.0576549608454941,0.00103660779433091
"395",395,0,2.543704,3.608271,64.063454,70.215429,0,0.0513885772883336,0.0362271374856942,0.0513885772883336,0.0044607663727028
"396",396,3.674678,14.370323,43.329895,72.39893,133.773826,0.0274693346963105,0.323904132038505,0.134891865917029,0.351373466734816,0.00849861338265975
"397",397,0,8.678832,2.187176,45.825888,56.691896,0,0.0385800467848174,0.153087700577169,0.0385800467848174,0.00360162014080359
"398",398,0,3.29121,6.403618,87.736844,97.431672,0,0.065724192847681,0.0337796727946945,0.065724192847681,0.00618980660352882
"399",399,0,2.421763,14.604933,100.630673,117.657369,0,0.124131052089054,0.0205831816620003,0.124131052089054,0.00747473942138679
"400",400,1.394888,0,8.471106,19.986433,29.852427,0.0467261171093392,0.283766073693104,0.0467261171093392,0.330492190802443,0.00189651625578141
